Tanggal;Produk;Jumlah Terjual
2015-01;Kerupuk Udang Melati;347
2015-01;Keripik Pisang;209
2015-01;Kerupuk Udang Mawar;191
2015-01;Makaroni;280
2015-01;Keripik Singkong Asin;320
2015-01;Ring;116
2015-01;Sanjai Balado;452
2015-01;Kerupuk Ikan;489
2015-01;Kerupuk Jengkol;148
2015-01;Keripik Untir-Untir;257
2015-01;Kerupuk Seblak;325
2015-01;Stick Keju;176
2015-01;Keripik Singkong Pedas;362
2015-02;Kerupuk Udang Melati;388
2015-02;Keripik Pisang;132
2015-02;Kerupuk Udang Mawar;497
2015-02;Makaroni;322
2015-02;Keripik Singkong Asin;286
2015-02;Ring;476
2015-02;Sanjai Balado;192
2015-02;Kerupuk Ikan;442
2015-02;Kerupuk Jengkol;137
2015-02;Keripik Untir-Untir;176
2015-02;Kerupuk Seblak;293
2015-02;Stick Keju;255
2015-02;Keripik Singkong Pedas;493
2015-03;Kerupuk Udang Melati;107
2015-03;Keripik Pisang;338
2015-03;Kerupuk Udang Mawar;310
2015-03;Makaroni;329
2015-03;Keripik Singkong Asin;124
2015-03;Ring;342
2015-03;Sanjai Balado;79
2015-03;Kerupuk Ikan;323
2015-03;Kerupuk Jengkol;173
2015-03;Keripik Untir-Untir;326
2015-03;Kerupuk Seblak;410
2015-03;Stick Keju;127
2015-03;Keripik Singkong Pedas;410
2015-04;Kerupuk Udang Melati;492
2015-04;Keripik Pisang;428
2015-04;Kerupuk Udang Mawar;456
2015-04;Makaroni;90
2015-04;Keripik Singkong Asin;411
2015-04;Ring;432
2015-04;Sanjai Balado;131
2015-04;Kerupuk Ikan;303
2015-04;Kerupuk Jengkol;317
2015-04;Keripik Untir-Untir;162
2015-04;Kerupuk Seblak;172
2015-04;Stick Keju;182
2015-04;Keripik Singkong Pedas;479
2015-05;Kerupuk Udang Melati;255
2015-05;Keripik Pisang;146
2015-05;Kerupuk Udang Mawar;142
2015-05;Makaroni;65
2015-05;Keripik Singkong Asin;146
2015-05;Ring;407
2015-05;Sanjai Balado;166
2015-05;Kerupuk Ikan;386
2015-05;Kerupuk Jengkol;496
2015-05;Keripik Untir-Untir;202
2015-05;Kerupuk Seblak;315
2015-05;Stick Keju;300
2015-05;Keripik Singkong Pedas;324
2015-06;Kerupuk Udang Melati;97
2015-06;Keripik Pisang;84
2015-06;Kerupuk Udang Mawar;281
2015-06;Makaroni;460
2015-06;Keripik Singkong Asin;472
2015-06;Ring;124
2015-06;Sanjai Balado;194
2015-06;Kerupuk Ikan;428
2015-06;Kerupuk Jengkol;115
2015-06;Keripik Untir-Untir;179
2015-06;Kerupuk Seblak;200
2015-06;Stick Keju;355
2015-06;Keripik Singkong Pedas;350
2015-07;Kerupuk Udang Melati;282
2015-07;Keripik Pisang;489
2015-07;Kerupuk Udang Mawar;59
2015-07;Makaroni;395
2015-07;Keripik Singkong Asin;475
2015-07;Ring;355
2015-07;Sanjai Balado;381
2015-07;Kerupuk Ikan;385
2015-07;Kerupuk Jengkol;484
2015-07;Keripik Untir-Untir;129
2015-07;Kerupuk Seblak;257
2015-07;Stick Keju;110
2015-07;Keripik Singkong Pedas;73
2015-08;Kerupuk Udang Melati;187
2015-08;Keripik Pisang;377
2015-08;Kerupuk Udang Mawar;74
2015-08;Makaroni;350
2015-08;Keripik Singkong Asin;323
2015-08;Ring;328
2015-08;Sanjai Balado;52
2015-08;Kerupuk Ikan;88
2015-08;Kerupuk Jengkol;95
2015-08;Keripik Untir-Untir;295
2015-08;Kerupuk Seblak;234
2015-08;Stick Keju;225
2015-08;Keripik Singkong Pedas;405
2015-09;Kerupuk Udang Melati;435
2015-09;Keripik Pisang;469
2015-09;Kerupuk Udang Mawar;453
2015-09;Makaroni;494
2015-09;Keripik Singkong Asin;405
2015-09;Ring;363
2015-09;Sanjai Balado;375
2015-09;Kerupuk Ikan;387
2015-09;Kerupuk Jengkol;455
2015-09;Keripik Untir-Untir;199
2015-09;Kerupuk Seblak;211
2015-09;Stick Keju;324
2015-09;Keripik Singkong Pedas;145
2015-10;Kerupuk Udang Melati;234
2015-10;Keripik Pisang;201
2015-10;Kerupuk Udang Mawar;122
2015-10;Makaroni;101
2015-10;Keripik Singkong Asin;67
2015-10;Ring;304
2015-10;Sanjai Balado;476
2015-10;Kerupuk Ikan;144
2015-10;Kerupuk Jengkol;294
2015-10;Keripik Untir-Untir;434
2015-10;Kerupuk Seblak;71
2015-10;Stick Keju;216
2015-10;Keripik Singkong Pedas;376
2015-11;Kerupuk Udang Melati;96
2015-11;Keripik Pisang;440
2015-11;Kerupuk Udang Mawar;280
2015-11;Makaroni;257
2015-11;Keripik Singkong Asin;73
2015-11;Ring;184
2015-11;Sanjai Balado;105
2015-11;Kerupuk Ikan;315
2015-11;Kerupuk Jengkol;297
2015-11;Keripik Untir-Untir;437
2015-11;Kerupuk Seblak;316
2015-11;Stick Keju;208
2015-11;Keripik Singkong Pedas;412
2015-12;Kerupuk Udang Melati;496
2015-12;Keripik Pisang;53
2015-12;Kerupuk Udang Mawar;487
2015-12;Makaroni;246
2015-12;Keripik Singkong Asin;80
2015-12;Ring;81
2015-12;Sanjai Balado;166
2015-12;Kerupuk Ikan;423
2015-12;Kerupuk Jengkol;450
2015-12;Keripik Untir-Untir;486
2015-12;Kerupuk Seblak;322
2015-12;Stick Keju;407
2015-12;Keripik Singkong Pedas;449
2016-01;Kerupuk Udang Melati;304
2016-01;Keripik Pisang;124
2016-01;Kerupuk Udang Mawar;296
2016-01;Makaroni;210
2016-01;Keripik Singkong Asin;425
2016-01;Ring;498
2016-01;Sanjai Balado;90
2016-01;Kerupuk Ikan;384
2016-01;Kerupuk Jengkol;121
2016-01;Keripik Untir-Untir;400
2016-01;Kerupuk Seblak;140
2016-01;Stick Keju;377
2016-01;Keripik Singkong Pedas;379
2016-02;Kerupuk Udang Melati;128
2016-02;Keripik Pisang;182
2016-02;Kerupuk Udang Mawar;259
2016-02;Makaroni;207
2016-02;Keripik Singkong Asin;455
2016-02;Ring;453
2016-02;Sanjai Balado;482
2016-02;Kerupuk Ikan;222
2016-02;Kerupuk Jengkol;383
2016-02;Keripik Untir-Untir;221
2016-02;Kerupuk Seblak;101
2016-02;Stick Keju;451
2016-02;Keripik Singkong Pedas;442
2016-03;Kerupuk Udang Melati;435
2016-03;Keripik Pisang;316
2016-03;Kerupuk Udang Mawar;136
2016-03;Makaroni;236
2016-03;Keripik Singkong Asin;343
2016-03;Ring;260
2016-03;Sanjai Balado;83
2016-03;Kerupuk Ikan;266
2016-03;Kerupuk Jengkol;353
2016-03;Keripik Untir-Untir;182
2016-03;Kerupuk Seblak;348
2016-03;Stick Keju;331
2016-03;Keripik Singkong Pedas;220
2016-04;Kerupuk Udang Melati;392
2016-04;Keripik Pisang;465
2016-04;Kerupuk Udang Mawar;190
2016-04;Makaroni;353
2016-04;Keripik Singkong Asin;96
2016-04;Ring;183
2016-04;Sanjai Balado;134
2016-04;Kerupuk Ikan;162
2016-04;Kerupuk Jengkol;389
2016-04;Keripik Untir-Untir;423
2016-04;Kerupuk Seblak;400
2016-04;Stick Keju;210
2016-04;Keripik Singkong Pedas;181
2016-05;Kerupuk Udang Melati;96
2016-05;Keripik Pisang;201
2016-05;Kerupuk Udang Mawar;273
2016-05;Makaroni;403
2016-05;Keripik Singkong Asin;196
2016-05;Ring;499
2016-05;Sanjai Balado;248
2016-05;Kerupuk Ikan;80
2016-05;Kerupuk Jengkol;53
2016-05;Keripik Untir-Untir;409
2016-05;Kerupuk Seblak;385
2016-05;Stick Keju;108
2016-05;Keripik Singkong Pedas;327
2016-06;Kerupuk Udang Melati;122
2016-06;Keripik Pisang;453
2016-06;Kerupuk Udang Mawar;356
2016-06;Makaroni;170
2016-06;Keripik Singkong Asin;143
2016-06;Ring;294
2016-06;Sanjai Balado;325
2016-06;Kerupuk Ikan;261
2016-06;Kerupuk Jengkol;171
2016-06;Keripik Untir-Untir;167
2016-06;Kerupuk Seblak;185
2016-06;Stick Keju;77
2016-06;Keripik Singkong Pedas;379
2016-07;Kerupuk Udang Melati;268
2016-07;Keripik Pisang;116
2016-07;Kerupuk Udang Mawar;445
2016-07;Makaroni;397
2016-07;Keripik Singkong Asin;310
2016-07;Ring;227
2016-07;Sanjai Balado;363
2016-07;Kerupuk Ikan;424
2016-07;Kerupuk Jengkol;183
2016-07;Keripik Untir-Untir;92
2016-07;Kerupuk Seblak;437
2016-07;Stick Keju;97
2016-07;Keripik Singkong Pedas;411
2016-08;Kerupuk Udang Melati;214
2016-08;Keripik Pisang;398
2016-08;Kerupuk Udang Mawar;438
2016-08;Makaroni;460
2016-08;Keripik Singkong Asin;212
2016-08;Ring;283
2016-08;Sanjai Balado;440
2016-08;Kerupuk Ikan;104
2016-08;Kerupuk Jengkol;345
2016-08;Keripik Untir-Untir;382
2016-08;Kerupuk Seblak;265
2016-08;Stick Keju;197
2016-08;Keripik Singkong Pedas;300
2016-09;Kerupuk Udang Melati;267
2016-09;Keripik Pisang;488
2016-09;Kerupuk Udang Mawar;239
2016-09;Makaroni;227
2016-09;Keripik Singkong Asin;97
2016-09;Ring;487
2016-09;Sanjai Balado;164
2016-09;Kerupuk Ikan;238
2016-09;Kerupuk Jengkol;358
2016-09;Keripik Untir-Untir;268
2016-09;Kerupuk Seblak;204
2016-09;Stick Keju;434
2016-09;Keripik Singkong Pedas;75
2016-10;Kerupuk Udang Melati;238
2016-10;Keripik Pisang;408
2016-10;Kerupuk Udang Mawar;210
2016-10;Makaroni;479
2016-10;Keripik Singkong Asin;221
2016-10;Ring;349
2016-10;Sanjai Balado;409
2016-10;Kerupuk Ikan;322
2016-10;Kerupuk Jengkol;438
2016-10;Keripik Untir-Untir;385
2016-10;Kerupuk Seblak;195
2016-10;Stick Keju;160
2016-10;Keripik Singkong Pedas;405
2016-11;Kerupuk Udang Melati;241
2016-11;Keripik Pisang;358
2016-11;Kerupuk Udang Mawar;83
2016-11;Makaroni;222
2016-11;Keripik Singkong Asin;263
2016-11;Ring;165
2016-11;Sanjai Balado;61
2016-11;Kerupuk Ikan;238
2016-11;Kerupuk Jengkol;290
2016-11;Keripik Untir-Untir;189
2016-11;Kerupuk Seblak;290
2016-11;Stick Keju;378
2016-11;Keripik Singkong Pedas;268
2016-12;Kerupuk Udang Melati;355
2016-12;Keripik Pisang;487
2016-12;Kerupuk Udang Mawar;383
2016-12;Makaroni;406
2016-12;Keripik Singkong Asin;82
2016-12;Ring;375
2016-12;Sanjai Balado;53
2016-12;Kerupuk Ikan;183
2016-12;Kerupuk Jengkol;295
2016-12;Keripik Untir-Untir;480
2016-12;Kerupuk Seblak;92
2016-12;Stick Keju;259
2016-12;Keripik Singkong Pedas;291
2017-01;Kerupuk Udang Melati;358
2017-01;Keripik Pisang;158
2017-01;Kerupuk Udang Mawar;452
2017-01;Makaroni;296
2017-01;Keripik Singkong Asin;218
2017-01;Ring;86
2017-01;Sanjai Balado;117
2017-01;Kerupuk Ikan;157
2017-01;Kerupuk Jengkol;284
2017-01;Keripik Untir-Untir;56
2017-01;Kerupuk Seblak;68
2017-01;Stick Keju;151
2017-01;Keripik Singkong Pedas;353
2017-02;Kerupuk Udang Melati;360
2017-02;Keripik Pisang;430
2017-02;Kerupuk Udang Mawar;76
2017-02;Makaroni;206
2017-02;Keripik Singkong Asin;302
2017-02;Ring;408
2017-02;Sanjai Balado;294
2017-02;Kerupuk Ikan;361
2017-02;Kerupuk Jengkol;477
2017-02;Keripik Untir-Untir;171
2017-02;Kerupuk Seblak;215
2017-02;Stick Keju;290
2017-02;Keripik Singkong Pedas;339
2017-03;Kerupuk Udang Melati;418
2017-03;Keripik Pisang;272
2017-03;Kerupuk Udang Mawar;270
2017-03;Makaroni;408
2017-03;Keripik Singkong Asin;82
2017-03;Ring;412
2017-03;Sanjai Balado;270
2017-03;Kerupuk Ikan;433
2017-03;Kerupuk Jengkol;462
2017-03;Keripik Untir-Untir;400
2017-03;Kerupuk Seblak;266
2017-03;Stick Keju;244
2017-03;Keripik Singkong Pedas;312
2017-04;Kerupuk Udang Melati;448
2017-04;Keripik Pisang;100
2017-04;Kerupuk Udang Mawar;218
2017-04;Makaroni;274
2017-04;Keripik Singkong Asin;452
2017-04;Ring;318
2017-04;Sanjai Balado;457
2017-04;Kerupuk Ikan;325
2017-04;Kerupuk Jengkol;347
2017-04;Keripik Untir-Untir;120
2017-04;Kerupuk Seblak;192
2017-04;Stick Keju;289
2017-04;Keripik Singkong Pedas;136
2017-05;Kerupuk Udang Melati;240
2017-05;Keripik Pisang;317
2017-05;Kerupuk Udang Mawar;485
2017-05;Makaroni;434
2017-05;Keripik Singkong Asin;269
2017-05;Ring;213
2017-05;Sanjai Balado;220
2017-05;Kerupuk Ikan;276
2017-05;Kerupuk Jengkol;329
2017-05;Keripik Untir-Untir;135
2017-05;Kerupuk Seblak;342
2017-05;Stick Keju;220
2017-05;Keripik Singkong Pedas;140
2017-06;Kerupuk Udang Melati;72
2017-06;Keripik Pisang;189
2017-06;Kerupuk Udang Mawar;192
2017-06;Makaroni;56
2017-06;Keripik Singkong Asin;399
2017-06;Ring;77
2017-06;Sanjai Balado;178
2017-06;Kerupuk Ikan;388
2017-06;Kerupuk Jengkol;465
2017-06;Keripik Untir-Untir;475
2017-06;Kerupuk Seblak;485
2017-06;Stick Keju;417
2017-06;Keripik Singkong Pedas;375
2017-07;Kerupuk Udang Melati;102
2017-07;Keripik Pisang;308
2017-07;Kerupuk Udang Mawar;289
2017-07;Makaroni;202
2017-07;Keripik Singkong Asin;418
2017-07;Ring;329
2017-07;Sanjai Balado;472
2017-07;Kerupuk Ikan;148
2017-07;Kerupuk Jengkol;141
2017-07;Keripik Untir-Untir;272
2017-07;Kerupuk Seblak;107
2017-07;Stick Keju;361
2017-07;Keripik Singkong Pedas;289
2017-08;Kerupuk Udang Melati;255
2017-08;Keripik Pisang;161
2017-08;Kerupuk Udang Mawar;193
2017-08;Makaroni;68
2017-08;Keripik Singkong Asin;134
2017-08;Ring;88
2017-08;Sanjai Balado;150
2017-08;Kerupuk Ikan;87
2017-08;Kerupuk Jengkol;93
2017-08;Keripik Untir-Untir;379
2017-08;Kerupuk Seblak;266
2017-08;Stick Keju;138
2017-08;Keripik Singkong Pedas;319
2017-09;Kerupuk Udang Melati;189
2017-09;Keripik Pisang;281
2017-09;Kerupuk Udang Mawar;152
2017-09;Makaroni;127
2017-09;Keripik Singkong Asin;373
2017-09;Ring;65
2017-09;Sanjai Balado;124
2017-09;Kerupuk Ikan;455
2017-09;Kerupuk Jengkol;79
2017-09;Keripik Untir-Untir;316
2017-09;Kerupuk Seblak;97
2017-09;Stick Keju;124
2017-09;Keripik Singkong Pedas;231
2017-10;Kerupuk Udang Melati;401
2017-10;Keripik Pisang;363
2017-10;Kerupuk Udang Mawar;87
2017-10;Makaroni;481
2017-10;Keripik Singkong Asin;483
2017-10;Ring;154
2017-10;Sanjai Balado;276
2017-10;Kerupuk Ikan;287
2017-10;Kerupuk Jengkol;304
2017-10;Keripik Untir-Untir;422
2017-10;Kerupuk Seblak;329
2017-10;Stick Keju;446
2017-10;Keripik Singkong Pedas;469
2017-11;Kerupuk Udang Melati;239
2017-11;Keripik Pisang;224
2017-11;Kerupuk Udang Mawar;194
2017-11;Makaroni;406
2017-11;Keripik Singkong Asin;265
2017-11;Ring;315
2017-11;Sanjai Balado;224
2017-11;Kerupuk Ikan;196
2017-11;Kerupuk Jengkol;358
2017-11;Keripik Untir-Untir;494
2017-11;Kerupuk Seblak;178
2017-11;Stick Keju;226
2017-11;Keripik Singkong Pedas;409
2017-12;Kerupuk Udang Melati;431
2017-12;Keripik Pisang;179
2017-12;Kerupuk Udang Mawar;399
2017-12;Makaroni;211
2017-12;Keripik Singkong Asin;412
2017-12;Ring;297
2017-12;Sanjai Balado;432
2017-12;Kerupuk Ikan;259
2017-12;Kerupuk Jengkol;352
2017-12;Keripik Untir-Untir;169
2017-12;Kerupuk Seblak;197
2017-12;Stick Keju;259
2017-12;Keripik Singkong Pedas;192
2018-01;Kerupuk Udang Melati;340
2018-01;Keripik Pisang;397
2018-01;Kerupuk Udang Mawar;401
2018-01;Makaroni;408
2018-01;Keripik Singkong Asin;225
2018-01;Ring;384
2018-01;Sanjai Balado;146
2018-01;Kerupuk Ikan;166
2018-01;Kerupuk Jengkol;317
2018-01;Keripik Untir-Untir;369
2018-01;Kerupuk Seblak;288
2018-01;Stick Keju;167
2018-01;Keripik Singkong Pedas;358
2018-02;Kerupuk Udang Melati;404
2018-02;Keripik Pisang;223
2018-02;Kerupuk Udang Mawar;211
2018-02;Makaroni;390
2018-02;Keripik Singkong Asin;417
2018-02;Ring;305
2018-02;Sanjai Balado;79
2018-02;Kerupuk Ikan;360
2018-02;Kerupuk Jengkol;176
2018-02;Keripik Untir-Untir;234
2018-02;Kerupuk Seblak;339
2018-02;Stick Keju;180
2018-02;Keripik Singkong Pedas;348
2018-03;Kerupuk Udang Melati;485
2018-03;Keripik Pisang;377
2018-03;Kerupuk Udang Mawar;467
2018-03;Makaroni;205
2018-03;Keripik Singkong Asin;121
2018-03;Ring;387
2018-03;Sanjai Balado;91
2018-03;Kerupuk Ikan;374
2018-03;Kerupuk Jengkol;68
2018-03;Keripik Untir-Untir;306
2018-03;Kerupuk Seblak;247
2018-03;Stick Keju;180
2018-03;Keripik Singkong Pedas;304
2018-04;Kerupuk Udang Melati;174
2018-04;Keripik Pisang;76
2018-04;Kerupuk Udang Mawar;332
2018-04;Makaroni;422
2018-04;Keripik Singkong Asin;449
2018-04;Ring;356
2018-04;Sanjai Balado;184
2018-04;Kerupuk Ikan;468
2018-04;Kerupuk Jengkol;231
2018-04;Keripik Untir-Untir;66
2018-04;Kerupuk Seblak;415
2018-04;Stick Keju;402
2018-04;Keripik Singkong Pedas;103
2018-05;Kerupuk Udang Melati;394
2018-05;Keripik Pisang;87
2018-05;Kerupuk Udang Mawar;64
2018-05;Makaroni;394
2018-05;Keripik Singkong Asin;395
2018-05;Ring;406
2018-05;Sanjai Balado;155
2018-05;Kerupuk Ikan;175
2018-05;Kerupuk Jengkol;209
2018-05;Keripik Untir-Untir;439
2018-05;Kerupuk Seblak;77
2018-05;Stick Keju;126
2018-05;Keripik Singkong Pedas;74
2018-06;Kerupuk Udang Melati;146
2018-06;Keripik Pisang;372
2018-06;Kerupuk Udang Mawar;487
2018-06;Makaroni;296
2018-06;Keripik Singkong Asin;236
2018-06;Ring;194
2018-06;Sanjai Balado;464
2018-06;Kerupuk Ikan;88
2018-06;Kerupuk Jengkol;209
2018-06;Keripik Untir-Untir;163
2018-06;Kerupuk Seblak;178
2018-06;Stick Keju;311
2018-06;Keripik Singkong Pedas;441
2018-07;Kerupuk Udang Melati;421
2018-07;Keripik Pisang;467
2018-07;Kerupuk Udang Mawar;452
2018-07;Makaroni;253
2018-07;Keripik Singkong Asin;57
2018-07;Ring;122
2018-07;Sanjai Balado;469
2018-07;Kerupuk Ikan;340
2018-07;Kerupuk Jengkol;404
2018-07;Keripik Untir-Untir;73
2018-07;Kerupuk Seblak;161
2018-07;Stick Keju;269
2018-07;Keripik Singkong Pedas;87
2018-08;Kerupuk Udang Melati;349
2018-08;Keripik Pisang;314
2018-08;Kerupuk Udang Mawar;112
2018-08;Makaroni;303
2018-08;Keripik Singkong Asin;190
2018-08;Ring;335
2018-08;Sanjai Balado;86
2018-08;Kerupuk Ikan;412
2018-08;Kerupuk Jengkol;454
2018-08;Keripik Untir-Untir;51
2018-08;Kerupuk Seblak;272
2018-08;Stick Keju;377
2018-08;Keripik Singkong Pedas;330
2018-09;Kerupuk Udang Melati;411
2018-09;Keripik Pisang;427
2018-09;Kerupuk Udang Mawar;155
2018-09;Makaroni;63
2018-09;Keripik Singkong Asin;297
2018-09;Ring;157
2018-09;Sanjai Balado;53
2018-09;Kerupuk Ikan;395
2018-09;Kerupuk Jengkol;411
2018-09;Keripik Untir-Untir;329
2018-09;Kerupuk Seblak;119
2018-09;Stick Keju;458
2018-09;Keripik Singkong Pedas;82
2018-10;Kerupuk Udang Melati;249
2018-10;Keripik Pisang;384
2018-10;Kerupuk Udang Mawar;292
2018-10;Makaroni;190
2018-10;Keripik Singkong Asin;307
2018-10;Ring;389
2018-10;Sanjai Balado;91
2018-10;Kerupuk Ikan;349
2018-10;Kerupuk Jengkol;436
2018-10;Keripik Untir-Untir;150
2018-10;Kerupuk Seblak;402
2018-10;Stick Keju;55
2018-10;Keripik Singkong Pedas;275
2018-11;Kerupuk Udang Melati;282
2018-11;Keripik Pisang;439
2018-11;Kerupuk Udang Mawar;234
2018-11;Makaroni;132
2018-11;Keripik Singkong Asin;186
2018-11;Ring;120
2018-11;Sanjai Balado;360
2018-11;Kerupuk Ikan;258
2018-11;Kerupuk Jengkol;303
2018-11;Keripik Untir-Untir;367
2018-11;Kerupuk Seblak;495
2018-11;Stick Keju;239
2018-11;Keripik Singkong Pedas;449
2018-12;Kerupuk Udang Melati;342
2018-12;Keripik Pisang;173
2018-12;Kerupuk Udang Mawar;133
2018-12;Makaroni;238
2018-12;Keripik Singkong Asin;56
2018-12;Ring;494
2018-12;Sanjai Balado;439
2018-12;Kerupuk Ikan;486
2018-12;Kerupuk Jengkol;140
2018-12;Keripik Untir-Untir;330
2018-12;Kerupuk Seblak;277
2018-12;Stick Keju;392
2018-12;Keripik Singkong Pedas;100
2019-01;Kerupuk Udang Melati;434
2019-01;Keripik Pisang;313
2019-01;Kerupuk Udang Mawar;417
2019-01;Makaroni;77
2019-01;Keripik Singkong Asin;342
2019-01;Ring;274
2019-01;Sanjai Balado;339
2019-01;Kerupuk Ikan;454
2019-01;Kerupuk Jengkol;105
2019-01;Keripik Untir-Untir;305
2019-01;Kerupuk Seblak;224
2019-01;Stick Keju;104
2019-01;Keripik Singkong Pedas;238
2019-02;Kerupuk Udang Melati;239
2019-02;Keripik Pisang;209
2019-02;Kerupuk Udang Mawar;490
2019-02;Makaroni;375
2019-02;Keripik Singkong Asin;192
2019-02;Ring;113
2019-02;Sanjai Balado;179
2019-02;Kerupuk Ikan;402
2019-02;Kerupuk Jengkol;279
2019-02;Keripik Untir-Untir;342
2019-02;Kerupuk Seblak;134
2019-02;Stick Keju;483
2019-02;Keripik Singkong Pedas;231
2019-03;Kerupuk Udang Melati;50
2019-03;Keripik Pisang;422
2019-03;Kerupuk Udang Mawar;51
2019-03;Makaroni;167
2019-03;Keripik Singkong Asin;300
2019-03;Ring;402
2019-03;Sanjai Balado;73
2019-03;Kerupuk Ikan;190
2019-03;Kerupuk Jengkol;314
2019-03;Keripik Untir-Untir;151
2019-03;Kerupuk Seblak;489
2019-03;Stick Keju;137
2019-03;Keripik Singkong Pedas;140
2019-04;Kerupuk Udang Melati;382
2019-04;Keripik Pisang;389
2019-04;Kerupuk Udang Mawar;92
2019-04;Makaroni;361
2019-04;Keripik Singkong Asin;497
2019-04;Ring;309
2019-04;Sanjai Balado;434
2019-04;Kerupuk Ikan;202
2019-04;Kerupuk Jengkol;123
2019-04;Keripik Untir-Untir;437
2019-04;Kerupuk Seblak;479
2019-04;Stick Keju;146
2019-04;Keripik Singkong Pedas;446
2019-05;Kerupuk Udang Melati;337
2019-05;Keripik Pisang;452
2019-05;Kerupuk Udang Mawar;222
2019-05;Makaroni;240
2019-05;Keripik Singkong Asin;452
2019-05;Ring;130
2019-05;Sanjai Balado;374
2019-05;Kerupuk Ikan;308
2019-05;Kerupuk Jengkol;323
2019-05;Keripik Untir-Untir;492
2019-05;Kerupuk Seblak;228
2019-05;Stick Keju;74
2019-05;Keripik Singkong Pedas;200
2019-06;Kerupuk Udang Melati;304
2019-06;Keripik Pisang;161
2019-06;Kerupuk Udang Mawar;251
2019-06;Makaroni;315
2019-06;Keripik Singkong Asin;121
2019-06;Ring;273
2019-06;Sanjai Balado;418
2019-06;Kerupuk Ikan;465
2019-06;Kerupuk Jengkol;159
2019-06;Keripik Untir-Untir;333
2019-06;Kerupuk Seblak;92
2019-06;Stick Keju;326
2019-06;Keripik Singkong Pedas;384
2019-07;Kerupuk Udang Melati;274
2019-07;Keripik Pisang;181
2019-07;Kerupuk Udang Mawar;210
2019-07;Makaroni;84
2019-07;Keripik Singkong Asin;258
2019-07;Ring;418
2019-07;Sanjai Balado;272
2019-07;Kerupuk Ikan;461
2019-07;Kerupuk Jengkol;322
2019-07;Keripik Untir-Untir;410
2019-07;Kerupuk Seblak;124
2019-07;Stick Keju;215
2019-07;Keripik Singkong Pedas;184
2019-08;Kerupuk Udang Melati;73
2019-08;Keripik Pisang;261
2019-08;Kerupuk Udang Mawar;296
2019-08;Makaroni;383
2019-08;Keripik Singkong Asin;69
2019-08;Ring;284
2019-08;Sanjai Balado;98
2019-08;Kerupuk Ikan;494
2019-08;Kerupuk Jengkol;438
2019-08;Keripik Untir-Untir;463
2019-08;Kerupuk Seblak;197
2019-08;Stick Keju;88
2019-08;Keripik Singkong Pedas;95
2019-09;Kerupuk Udang Melati;213
2019-09;Keripik Pisang;282
2019-09;Kerupuk Udang Mawar;223
2019-09;Makaroni;335
2019-09;Keripik Singkong Asin;294
2019-09;Ring;412
2019-09;Sanjai Balado;302
2019-09;Kerupuk Ikan;137
2019-09;Kerupuk Jengkol;496
2019-09;Keripik Untir-Untir;359
2019-09;Kerupuk Seblak;174
2019-09;Stick Keju;325
2019-09;Keripik Singkong Pedas;263
2019-10;Kerupuk Udang Melati;268
2019-10;Keripik Pisang;110
2019-10;Kerupuk Udang Mawar;472
2019-10;Makaroni;118
2019-10;Keripik Singkong Asin;445
2019-10;Ring;426
2019-10;Sanjai Balado;499
2019-10;Kerupuk Ikan;256
2019-10;Kerupuk Jengkol;50
2019-10;Keripik Untir-Untir;137
2019-10;Kerupuk Seblak;361
2019-10;Stick Keju;311
2019-10;Keripik Singkong Pedas;209
2019-11;Kerupuk Udang Melati;283
2019-11;Keripik Pisang;249
2019-11;Kerupuk Udang Mawar;332
2019-11;Makaroni;234
2019-11;Keripik Singkong Asin;52
2019-11;Ring;176
2019-11;Sanjai Balado;241
2019-11;Kerupuk Ikan;354
2019-11;Kerupuk Jengkol;469
2019-11;Keripik Untir-Untir;131
2019-11;Kerupuk Seblak;497
2019-11;Stick Keju;474
2019-11;Keripik Singkong Pedas;128
2019-12;Kerupuk Udang Melati;262
2019-12;Keripik Pisang;66
2019-12;Kerupuk Udang Mawar;214
2019-12;Makaroni;127
2019-12;Keripik Singkong Asin;347
2019-12;Ring;247
2019-12;Sanjai Balado;315
2019-12;Kerupuk Ikan;209
2019-12;Kerupuk Jengkol;264
2019-12;Keripik Untir-Untir;492
2019-12;Kerupuk Seblak;50
2019-12;Stick Keju;337
2019-12;Keripik Singkong Pedas;223
2020-01;Kerupuk Udang Melati;331
2020-01;Keripik Pisang;248
2020-01;Kerupuk Udang Mawar;120
2020-01;Makaroni;405
2020-01;Keripik Singkong Asin;230
2020-01;Ring;255
2020-01;Sanjai Balado;412
2020-01;Kerupuk Ikan;134
2020-01;Kerupuk Jengkol;189
2020-01;Keripik Untir-Untir;148
2020-01;Kerupuk Seblak;215
2020-01;Stick Keju;343
2020-01;Keripik Singkong Pedas;268
2020-02;Kerupuk Udang Melati;488
2020-02;Keripik Pisang;154
2020-02;Kerupuk Udang Mawar;63
2020-02;Makaroni;418
2020-02;Keripik Singkong Asin;99
2020-02;Ring;491
2020-02;Sanjai Balado;101
2020-02;Kerupuk Ikan;438
2020-02;Kerupuk Jengkol;119
2020-02;Keripik Untir-Untir;144
2020-02;Kerupuk Seblak;215
2020-02;Stick Keju;397
2020-02;Keripik Singkong Pedas;376
2020-03;Kerupuk Udang Melati;462
2020-03;Keripik Pisang;384
2020-03;Kerupuk Udang Mawar;403
2020-03;Makaroni;50
2020-03;Keripik Singkong Asin;89
2020-03;Ring;87
2020-03;Sanjai Balado;98
2020-03;Kerupuk Ikan;479
2020-03;Kerupuk Jengkol;469
2020-03;Keripik Untir-Untir;231
2020-03;Kerupuk Seblak;236
2020-03;Stick Keju;138
2020-03;Keripik Singkong Pedas;301
2020-04;Kerupuk Udang Melati;388
2020-04;Keripik Pisang;181
2020-04;Kerupuk Udang Mawar;457
2020-04;Makaroni;124
2020-04;Keripik Singkong Asin;385
2020-04;Ring;416
2020-04;Sanjai Balado;393
2020-04;Kerupuk Ikan;339
2020-04;Kerupuk Jengkol;455
2020-04;Keripik Untir-Untir;108
2020-04;Kerupuk Seblak;311
2020-04;Stick Keju;86
2020-04;Keripik Singkong Pedas;142
2020-05;Kerupuk Udang Melati;151
2020-05;Keripik Pisang;242
2020-05;Kerupuk Udang Mawar;478
2020-05;Makaroni;355
2020-05;Keripik Singkong Asin;82
2020-05;Ring;243
2020-05;Sanjai Balado;205
2020-05;Kerupuk Ikan;189
2020-05;Kerupuk Jengkol;413
2020-05;Keripik Untir-Untir;250
2020-05;Kerupuk Seblak;186
2020-05;Stick Keju;490
2020-05;Keripik Singkong Pedas;258
2020-06;Kerupuk Udang Melati;495
2020-06;Keripik Pisang;62
2020-06;Kerupuk Udang Mawar;452
2020-06;Makaroni;145
2020-06;Keripik Singkong Asin;445
2020-06;Ring;84
2020-06;Sanjai Balado;369
2020-06;Kerupuk Ikan;477
2020-06;Kerupuk Jengkol;490
2020-06;Keripik Untir-Untir;176
2020-06;Kerupuk Seblak;468
2020-06;Stick Keju;298
2020-06;Keripik Singkong Pedas;94
2020-07;Kerupuk Udang Melati;183
2020-07;Keripik Pisang;355
2020-07;Kerupuk Udang Mawar;292
2020-07;Makaroni;73
2020-07;Keripik Singkong Asin;51
2020-07;Ring;327
2020-07;Sanjai Balado;480
2020-07;Kerupuk Ikan;117
2020-07;Kerupuk Jengkol;221
2020-07;Keripik Untir-Untir;392
2020-07;Kerupuk Seblak;140
2020-07;Stick Keju;403
2020-07;Keripik Singkong Pedas;452
2020-08;Kerupuk Udang Melati;137
2020-08;Keripik Pisang;98
2020-08;Kerupuk Udang Mawar;162
2020-08;Makaroni;360
2020-08;Keripik Singkong Asin;231
2020-08;Ring;304
2020-08;Sanjai Balado;453
2020-08;Kerupuk Ikan;129
2020-08;Kerupuk Jengkol;219
2020-08;Keripik Untir-Untir;337
2020-08;Kerupuk Seblak;413
2020-08;Stick Keju;311
2020-08;Keripik Singkong Pedas;411
2020-09;Kerupuk Udang Melati;436
2020-09;Keripik Pisang;113
2020-09;Kerupuk Udang Mawar;222
2020-09;Makaroni;110
2020-09;Keripik Singkong Asin;175
2020-09;Ring;437
2020-09;Sanjai Balado;262
2020-09;Kerupuk Ikan;100
2020-09;Kerupuk Jengkol;321
2020-09;Keripik Untir-Untir;417
2020-09;Kerupuk Seblak;86
2020-09;Stick Keju;422
2020-09;Keripik Singkong Pedas;312
2020-10;Kerupuk Udang Melati;466
2020-10;Keripik Pisang;245
2020-10;Kerupuk Udang Mawar;291
2020-10;Makaroni;279
2020-10;Keripik Singkong Asin;221
2020-10;Ring;163
2020-10;Sanjai Balado;75
2020-10;Kerupuk Ikan;152
2020-10;Kerupuk Jengkol;491
2020-10;Keripik Untir-Untir;133
2020-10;Kerupuk Seblak;492
2020-10;Stick Keju;206
2020-10;Keripik Singkong Pedas;468
2020-11;Kerupuk Udang Melati;473
2020-11;Keripik Pisang;106
2020-11;Kerupuk Udang Mawar;295
2020-11;Makaroni;396
2020-11;Keripik Singkong Asin;363
2020-11;Ring;450
2020-11;Sanjai Balado;268
2020-11;Kerupuk Ikan;450
2020-11;Kerupuk Jengkol;206
2020-11;Keripik Untir-Untir;392
2020-11;Kerupuk Seblak;282
2020-11;Stick Keju;188
2020-11;Keripik Singkong Pedas;343
2020-12;Kerupuk Udang Melati;151
2020-12;Keripik Pisang;107
2020-12;Kerupuk Udang Mawar;164
2020-12;Makaroni;353
2020-12;Keripik Singkong Asin;93
2020-12;Ring;259
2020-12;Sanjai Balado;187
2020-12;Kerupuk Ikan;91
2020-12;Kerupuk Jengkol;383
2020-12;Keripik Untir-Untir;460
2020-12;Kerupuk Seblak;239
2020-12;Stick Keju;410
2020-12;Keripik Singkong Pedas;409
2021-01;Kerupuk Udang Melati;281
2021-01;Keripik Pisang;362
2021-01;Kerupuk Udang Mawar;478
2021-01;Makaroni;398
2021-01;Keripik Singkong Asin;100
2021-01;Ring;149
2021-01;Sanjai Balado;236
2021-01;Kerupuk Ikan;98
2021-01;Kerupuk Jengkol;163
2021-01;Keripik Untir-Untir;434
2021-01;Kerupuk Seblak;486
2021-01;Stick Keju;149
2021-01;Keripik Singkong Pedas;239
2021-02;Kerupuk Udang Melati;107
2021-02;Keripik Pisang;447
2021-02;Kerupuk Udang Mawar;309
2021-02;Makaroni;474
2021-02;Keripik Singkong Asin;494
2021-02;Ring;286
2021-02;Sanjai Balado;435
2021-02;Kerupuk Ikan;361
2021-02;Kerupuk Jengkol;344
2021-02;Keripik Untir-Untir;279
2021-02;Kerupuk Seblak;420
2021-02;Stick Keju;51
2021-02;Keripik Singkong Pedas;483
2021-03;Kerupuk Udang Melati;221
2021-03;Keripik Pisang;101
2021-03;Kerupuk Udang Mawar;127
2021-03;Makaroni;301
2021-03;Keripik Singkong Asin;93
2021-03;Ring;324
2021-03;Sanjai Balado;149
2021-03;Kerupuk Ikan;410
2021-03;Kerupuk Jengkol;425
2021-03;Keripik Untir-Untir;459
2021-03;Kerupuk Seblak;475
2021-03;Stick Keju;329
2021-03;Keripik Singkong Pedas;122
2021-04;Kerupuk Udang Melati;147
2021-04;Keripik Pisang;107
2021-04;Kerupuk Udang Mawar;281
2021-04;Makaroni;212
2021-04;Keripik Singkong Asin;402
2021-04;Ring;84
2021-04;Sanjai Balado;316
2021-04;Kerupuk Ikan;67
2021-04;Kerupuk Jengkol;467
2021-04;Keripik Untir-Untir;452
2021-04;Kerupuk Seblak;79
2021-04;Stick Keju;321
2021-04;Keripik Singkong Pedas;110
2021-05;Kerupuk Udang Melati;208
2021-05;Keripik Pisang;163
2021-05;Kerupuk Udang Mawar;167
2021-05;Makaroni;415
2021-05;Keripik Singkong Asin;223
2021-05;Ring;268
2021-05;Sanjai Balado;281
2021-05;Kerupuk Ikan;392
2021-05;Kerupuk Jengkol;134
2021-05;Keripik Untir-Untir;303
2021-05;Kerupuk Seblak;230
2021-05;Stick Keju;193
2021-05;Keripik Singkong Pedas;422
2021-06;Kerupuk Udang Melati;274
2021-06;Keripik Pisang;214
2021-06;Kerupuk Udang Mawar;123
2021-06;Makaroni;281
2021-06;Keripik Singkong Asin;300
2021-06;Ring;198
2021-06;Sanjai Balado;154
2021-06;Kerupuk Ikan;176
2021-06;Kerupuk Jengkol;59
2021-06;Keripik Untir-Untir;97
2021-06;Kerupuk Seblak;102
2021-06;Stick Keju;94
2021-06;Keripik Singkong Pedas;362
2021-07;Kerupuk Udang Melati;489
2021-07;Keripik Pisang;268
2021-07;Kerupuk Udang Mawar;341
2021-07;Makaroni;51
2021-07;Keripik Singkong Asin;178
2021-07;Ring;245
2021-07;Sanjai Balado;144
2021-07;Kerupuk Ikan;310
2021-07;Kerupuk Jengkol;216
2021-07;Keripik Untir-Untir;351
2021-07;Kerupuk Seblak;449
2021-07;Stick Keju;105
2021-07;Keripik Singkong Pedas;129
2021-08;Kerupuk Udang Melati;243
2021-08;Keripik Pisang;429
2021-08;Kerupuk Udang Mawar;168
2021-08;Makaroni;420
2021-08;Keripik Singkong Asin;307
2021-08;Ring;83
2021-08;Sanjai Balado;310
2021-08;Kerupuk Ikan;422
2021-08;Kerupuk Jengkol;250
2021-08;Keripik Untir-Untir;288
2021-08;Kerupuk Seblak;249
2021-08;Stick Keju;157
2021-08;Keripik Singkong Pedas;199
2021-09;Kerupuk Udang Melati;293
2021-09;Keripik Pisang;264
2021-09;Kerupuk Udang Mawar;310
2021-09;Makaroni;372
2021-09;Keripik Singkong Asin;228
2021-09;Ring;178
2021-09;Sanjai Balado;175
2021-09;Kerupuk Ikan;307
2021-09;Kerupuk Jengkol;118
2021-09;Keripik Untir-Untir;281
2021-09;Kerupuk Seblak;415
2021-09;Stick Keju;72
2021-09;Keripik Singkong Pedas;492
2021-10;Kerupuk Udang Melati;390
2021-10;Keripik Pisang;308
2021-10;Kerupuk Udang Mawar;166
2021-10;Makaroni;98
2021-10;Keripik Singkong Asin;257
2021-10;Ring;302
2021-10;Sanjai Balado;284
2021-10;Kerupuk Ikan;301
2021-10;Kerupuk Jengkol;423
2021-10;Keripik Untir-Untir;292
2021-10;Kerupuk Seblak;376
2021-10;Stick Keju;235
2021-10;Keripik Singkong Pedas;133
2021-11;Kerupuk Udang Melati;443
2021-11;Keripik Pisang;267
2021-11;Kerupuk Udang Mawar;350
2021-11;Makaroni;121
2021-11;Keripik Singkong Asin;427
2021-11;Ring;465
2021-11;Sanjai Balado;152
2021-11;Kerupuk Ikan;99
2021-11;Kerupuk Jengkol;257
2021-11;Keripik Untir-Untir;343
2021-11;Kerupuk Seblak;50
2021-11;Stick Keju;121
2021-11;Keripik Singkong Pedas;324
2021-12;Kerupuk Udang Melati;482
2021-12;Keripik Pisang;132
2021-12;Kerupuk Udang Mawar;420
2021-12;Makaroni;361
2021-12;Keripik Singkong Asin;133
2021-12;Ring;195
2021-12;Sanjai Balado;436
2021-12;Kerupuk Ikan;321
2021-12;Kerupuk Jengkol;92
2021-12;Keripik Untir-Untir;256
2021-12;Kerupuk Seblak;136
2021-12;Stick Keju;253
2021-12;Keripik Singkong Pedas;246
2022-01;Kerupuk Udang Melati;418
2022-01;Keripik Pisang;349
2022-01;Kerupuk Udang Mawar;98
2022-01;Makaroni;202
2022-01;Keripik Singkong Asin;284
2022-01;Ring;368
2022-01;Sanjai Balado;387
2022-01;Kerupuk Ikan;217
2022-01;Kerupuk Jengkol;216
2022-01;Keripik Untir-Untir;344
2022-01;Kerupuk Seblak;146
2022-01;Stick Keju;114
2022-01;Keripik Singkong Pedas;142
2022-02;Kerupuk Udang Melati;396
2022-02;Keripik Pisang;141
2022-02;Kerupuk Udang Mawar;211
2022-02;Makaroni;73
2022-02;Keripik Singkong Asin;71
2022-02;Ring;322
2022-02;Sanjai Balado;363
2022-02;Kerupuk Ikan;157
2022-02;Kerupuk Jengkol;158
2022-02;Keripik Untir-Untir;177
2022-02;Kerupuk Seblak;168
2022-02;Stick Keju;285
2022-02;Keripik Singkong Pedas;202
2022-03;Kerupuk Udang Melati;381
2022-03;Keripik Pisang;337
2022-03;Kerupuk Udang Mawar;476
2022-03;Makaroni;315
2022-03;Keripik Singkong Asin;120
2022-03;Ring;489
2022-03;Sanjai Balado;133
2022-03;Kerupuk Ikan;91
2022-03;Kerupuk Jengkol;125
2022-03;Keripik Untir-Untir;427
2022-03;Kerupuk Seblak;406
2022-03;Stick Keju;173
2022-03;Keripik Singkong Pedas;350
2022-04;Kerupuk Udang Melati;194
2022-04;Keripik Pisang;153
2022-04;Kerupuk Udang Mawar;155
2022-04;Makaroni;125
2022-04;Keripik Singkong Asin;372
2022-04;Ring;364
2022-04;Sanjai Balado;75
2022-04;Kerupuk Ikan;192
2022-04;Kerupuk Jengkol;55
2022-04;Keripik Untir-Untir;485
2022-04;Kerupuk Seblak;455
2022-04;Stick Keju;449
2022-04;Keripik Singkong Pedas;98
2022-05;Kerupuk Udang Melati;164
2022-05;Keripik Pisang;302
2022-05;Kerupuk Udang Mawar;413
2022-05;Makaroni;184
2022-05;Keripik Singkong Asin;264
2022-05;Ring;460
2022-05;Sanjai Balado;171
2022-05;Kerupuk Ikan;334
2022-05;Kerupuk Jengkol;495
2022-05;Keripik Untir-Untir;409
2022-05;Kerupuk Seblak;106
2022-05;Stick Keju;258
2022-05;Keripik Singkong Pedas;211
2022-06;Kerupuk Udang Melati;472
2022-06;Keripik Pisang;234
2022-06;Kerupuk Udang Mawar;137
2022-06;Makaroni;291
2022-06;Keripik Singkong Asin;347
2022-06;Ring;232
2022-06;Sanjai Balado;62
2022-06;Kerupuk Ikan;370
2022-06;Kerupuk Jengkol;457
2022-06;Keripik Untir-Untir;171
2022-06;Kerupuk Seblak;235
2022-06;Stick Keju;291
2022-06;Keripik Singkong Pedas;79
2022-07;Kerupuk Udang Melati;200
2022-07;Keripik Pisang;196
2022-07;Kerupuk Udang Mawar;326
2022-07;Makaroni;488
2022-07;Keripik Singkong Asin;123
2022-07;Ring;249
2022-07;Sanjai Balado;78
2022-07;Kerupuk Ikan;292
2022-07;Kerupuk Jengkol;401
2022-07;Keripik Untir-Untir;68
2022-07;Kerupuk Seblak;484
2022-07;Stick Keju;285
2022-07;Keripik Singkong Pedas;297
2022-08;Kerupuk Udang Melati;56
2022-08;Keripik Pisang;426
2022-08;Kerupuk Udang Mawar;254
2022-08;Makaroni;146
2022-08;Keripik Singkong Asin;467
2022-08;Ring;159
2022-08;Sanjai Balado;411
2022-08;Kerupuk Ikan;416
2022-08;Kerupuk Jengkol;79
2022-08;Keripik Untir-Untir;410
2022-08;Kerupuk Seblak;159
2022-08;Stick Keju;273
2022-08;Keripik Singkong Pedas;482
2022-09;Kerupuk Udang Melati;308
2022-09;Keripik Pisang;367
2022-09;Kerupuk Udang Mawar;371
2022-09;Makaroni;246
2022-09;Keripik Singkong Asin;332
2022-09;Ring;462
2022-09;Sanjai Balado;298
2022-09;Kerupuk Ikan;72
2022-09;Kerupuk Jengkol;89
2022-09;Keripik Untir-Untir;164
2022-09;Kerupuk Seblak;429
2022-09;Stick Keju;165
2022-09;Keripik Singkong Pedas;437
2022-10;Kerupuk Udang Melati;315
2022-10;Keripik Pisang;428
2022-10;Kerupuk Udang Mawar;496
2022-10;Makaroni;448
2022-10;Keripik Singkong Asin;484
2022-10;Ring;139
2022-10;Sanjai Balado;472
2022-10;Kerupuk Ikan;102
2022-10;Kerupuk Jengkol;373
2022-10;Keripik Untir-Untir;121
2022-10;Kerupuk Seblak;127
2022-10;Stick Keju;422
2022-10;Keripik Singkong Pedas;81
2022-11;Kerupuk Udang Melati;85
2022-11;Keripik Pisang;363
2022-11;Kerupuk Udang Mawar;242
2022-11;Makaroni;121
2022-11;Keripik Singkong Asin;326
2022-11;Ring;184
2022-11;Sanjai Balado;198
2022-11;Kerupuk Ikan;149
2022-11;Kerupuk Jengkol;97
2022-11;Keripik Untir-Untir;485
2022-11;Kerupuk Seblak;343
2022-11;Stick Keju;392
2022-11;Keripik Singkong Pedas;307
2022-12;Kerupuk Udang Melati;485
2022-12;Keripik Pisang;320
2022-12;Kerupuk Udang Mawar;268
2022-12;Makaroni;401
2022-12;Keripik Singkong Asin;350
2022-12;Ring;399
2022-12;Sanjai Balado;324
2022-12;Kerupuk Ikan;495
2022-12;Kerupuk Jengkol;349
2022-12;Keripik Untir-Untir;384
2022-12;Kerupuk Seblak;162
2022-12;Stick Keju;279
2022-12;Keripik Singkong Pedas;67
2023-01;Kerupuk Udang Melati;212
2023-01;Keripik Pisang;295
2023-01;Kerupuk Udang Mawar;386
2023-01;Makaroni;313
2023-01;Keripik Singkong Asin;154
2023-01;Ring;281
2023-01;Sanjai Balado;300
2023-01;Kerupuk Ikan;273
2023-01;Kerupuk Jengkol;406
2023-01;Keripik Untir-Untir;149
2023-01;Kerupuk Seblak;402
2023-01;Stick Keju;103
2023-01;Keripik Singkong Pedas;214
2023-02;Kerupuk Udang Melati;254
2023-02;Keripik Pisang;385
2023-02;Kerupuk Udang Mawar;209
2023-02;Makaroni;219
2023-02;Keripik Singkong Asin;174
2023-02;Ring;101
2023-02;Sanjai Balado;364
2023-02;Kerupuk Ikan;107
2023-02;Kerupuk Jengkol;382
2023-02;Keripik Untir-Untir;295
2023-02;Kerupuk Seblak;365
2023-02;Stick Keju;112
2023-02;Keripik Singkong Pedas;452
2023-03;Kerupuk Udang Melati;173
2023-03;Keripik Pisang;219
2023-03;Kerupuk Udang Mawar;408
2023-03;Makaroni;56
2023-03;Keripik Singkong Asin;493
2023-03;Ring;458
2023-03;Sanjai Balado;61
2023-03;Kerupuk Ikan;351
2023-03;Kerupuk Jengkol;427
2023-03;Keripik Untir-Untir;263
2023-03;Kerupuk Seblak;397
2023-03;Stick Keju;142
2023-03;Keripik Singkong Pedas;153
2023-04;Kerupuk Udang Melati;169
2023-04;Keripik Pisang;285
2023-04;Kerupuk Udang Mawar;335
2023-04;Makaroni;198
2023-04;Keripik Singkong Asin;438
2023-04;Ring;440
2023-04;Sanjai Balado;67
2023-04;Kerupuk Ikan;307
2023-04;Kerupuk Jengkol;111
2023-04;Keripik Untir-Untir;79
2023-04;Kerupuk Seblak;391
2023-04;Stick Keju;238
2023-04;Keripik Singkong Pedas;276
2023-05;Kerupuk Udang Melati;179
2023-05;Keripik Pisang;485
2023-05;Kerupuk Udang Mawar;347
2023-05;Makaroni;403
2023-05;Keripik Singkong Asin;176
2023-05;Ring;189
2023-05;Sanjai Balado;254
2023-05;Kerupuk Ikan;346
2023-05;Kerupuk Jengkol;150
2023-05;Keripik Untir-Untir;275
2023-05;Kerupuk Seblak;430
2023-05;Stick Keju;470
2023-05;Keripik Singkong Pedas;303
2023-06;Kerupuk Udang Melati;55
2023-06;Keripik Pisang;461
2023-06;Kerupuk Udang Mawar;397
2023-06;Makaroni;408
2023-06;Keripik Singkong Asin;371
2023-06;Ring;497
2023-06;Sanjai Balado;110
2023-06;Kerupuk Ikan;303
2023-06;Kerupuk Jengkol;205
2023-06;Keripik Untir-Untir;295
2023-06;Kerupuk Seblak;477
2023-06;Stick Keju;497
2023-06;Keripik Singkong Pedas;232
2023-07;Kerupuk Udang Melati;421
2023-07;Keripik Pisang;339
2023-07;Kerupuk Udang Mawar;299
2023-07;Makaroni;96
2023-07;Keripik Singkong Asin;377
2023-07;Ring;54
2023-07;Sanjai Balado;337
2023-07;Kerupuk Ikan;448
2023-07;Kerupuk Jengkol;236
2023-07;Keripik Untir-Untir;310
2023-07;Kerupuk Seblak;380
2023-07;Stick Keju;404
2023-07;Keripik Singkong Pedas;490
2023-08;Kerupuk Udang Melati;185
2023-08;Keripik Pisang;106
2023-08;Kerupuk Udang Mawar;78
2023-08;Makaroni;221
2023-08;Keripik Singkong Asin;52
2023-08;Ring;161
2023-08;Sanjai Balado;78
2023-08;Kerupuk Ikan;480
2023-08;Kerupuk Jengkol;430
2023-08;Keripik Untir-Untir;350
2023-08;Kerupuk Seblak;196
2023-08;Stick Keju;435
2023-08;Keripik Singkong Pedas;217
2023-09;Kerupuk Udang Melati;81
2023-09;Keripik Pisang;218
2023-09;Kerupuk Udang Mawar;244
2023-09;Makaroni;283
2023-09;Keripik Singkong Asin;110
2023-09;Ring;254
2023-09;Sanjai Balado;391
2023-09;Kerupuk Ikan;165
2023-09;Kerupuk Jengkol;483
2023-09;Keripik Untir-Untir;324
2023-09;Kerupuk Seblak;355
2023-09;Stick Keju;115
2023-09;Keripik Singkong Pedas;314
2023-10;Kerupuk Udang Melati;223
2023-10;Keripik Pisang;416
2023-10;Kerupuk Udang Mawar;483
2023-10;Makaroni;184
2023-10;Keripik Singkong Asin;312
2023-10;Ring;181
2023-10;Sanjai Balado;428
2023-10;Kerupuk Ikan;113
2023-10;Kerupuk Jengkol;76
2023-10;Keripik Untir-Untir;253
2023-10;Kerupuk Seblak;81
2023-10;Stick Keju;227
2023-10;Keripik Singkong Pedas;316
2023-11;Kerupuk Udang Melati;118
2023-11;Keripik Pisang;452
2023-11;Kerupuk Udang Mawar;103
2023-11;Makaroni;70
2023-11;Keripik Singkong Asin;440
2023-11;Ring;460
2023-11;Sanjai Balado;125
2023-11;Kerupuk Ikan;224
2023-11;Kerupuk Jengkol;67
2023-11;Keripik Untir-Untir;117
2023-11;Kerupuk Seblak;277
2023-11;Stick Keju;69
2023-11;Keripik Singkong Pedas;53
2023-12;Kerupuk Udang Melati;363
2023-12;Keripik Pisang;360
2023-12;Kerupuk Udang Mawar;56
2023-12;Makaroni;275
2023-12;Keripik Singkong Asin;417
2023-12;Ring;107
2023-12;Sanjai Balado;157
2023-12;Kerupuk Ikan;120
2023-12;Kerupuk Jengkol;247
2023-12;Keripik Untir-Untir;451
2023-12;Kerupuk Seblak;389
2023-12;Stick Keju;181
2023-12;Keripik Singkong Pedas;304
2024-01;Kerupuk Udang Melati;102
2024-01;Keripik Pisang;451
2024-01;Kerupuk Udang Mawar;347
2024-01;Makaroni;492
2024-01;Keripik Singkong Asin;220
2024-01;Ring;329
2024-01;Sanjai Balado;235
2024-01;Kerupuk Ikan;70
2024-01;Kerupuk Jengkol;426
2024-01;Keripik Untir-Untir;310
2024-01;Kerupuk Seblak;494
2024-01;Stick Keju;252
2024-01;Keripik Singkong Pedas;316
2024-02;Kerupuk Udang Melati;210
2024-02;Keripik Pisang;382
2024-02;Kerupuk Udang Mawar;159
2024-02;Makaroni;298
2024-02;Keripik Singkong Asin;296
2024-02;Ring;386
2024-02;Sanjai Balado;89
2024-02;Kerupuk Ikan;270
2024-02;Kerupuk Jengkol;469
2024-02;Keripik Untir-Untir;168
2024-02;Kerupuk Seblak;145
2024-02;Stick Keju;291
2024-02;Keripik Singkong Pedas;485
2024-03;Kerupuk Udang Melati;310
2024-03;Keripik Pisang;369
2024-03;Kerupuk Udang Mawar;235
2024-03;Makaroni;350
2024-03;Keripik Singkong Asin;404
2024-03;Ring;498
2024-03;Sanjai Balado;352
2024-03;Kerupuk Ikan;473
2024-03;Kerupuk Jengkol;327
2024-03;Keripik Untir-Untir;382
2024-03;Kerupuk Seblak;164
2024-03;Stick Keju;315
2024-03;Keripik Singkong Pedas;365
2024-04;Kerupuk Udang Melati;168
2024-04;Keripik Pisang;350
2024-04;Kerupuk Udang Mawar;357
2024-04;Makaroni;332
2024-04;Keripik Singkong Asin;304
2024-04;Ring;301
2024-04;Sanjai Balado;233
2024-04;Kerupuk Ikan;344
2024-04;Kerupuk Jengkol;171
2024-04;Keripik Untir-Untir;167
2024-04;Kerupuk Seblak;173
2024-04;Stick Keju;398
2024-04;Keripik Singkong Pedas;472
2024-05;Kerupuk Udang Melati;340
2024-05;Keripik Pisang;328
2024-05;Kerupuk Udang Mawar;359
2024-05;Makaroni;96
2024-05;Keripik Singkong Asin;298
2024-05;Ring;415
2024-05;Sanjai Balado;55
2024-05;Kerupuk Ikan;176
2024-05;Kerupuk Jengkol;450
2024-05;Keripik Untir-Untir;263
2024-05;Kerupuk Seblak;389
2024-05;Stick Keju;174
2024-05;Keripik Singkong Pedas;285
2024-06;Kerupuk Udang Melati;179
2024-06;Keripik Pisang;497
2024-06;Kerupuk Udang Mawar;353
2024-06;Makaroni;483
2024-06;Keripik Singkong Asin;300
2024-06;Ring;129
2024-06;Sanjai Balado;371
2024-06;Kerupuk Ikan;389
2024-06;Kerupuk Jengkol;398
2024-06;Keripik Untir-Untir;397
2024-06;Kerupuk Seblak;237
2024-06;Stick Keju;483
2024-06;Keripik Singkong Pedas;196
2024-07;Kerupuk Udang Melati;459
2024-07;Keripik Pisang;136
2024-07;Kerupuk Udang Mawar;66
2024-07;Makaroni;489
2024-07;Keripik Singkong Asin;401
2024-07;Ring;215
2024-07;Sanjai Balado;487
2024-07;Kerupuk Ikan;495
2024-07;Kerupuk Jengkol;410
2024-07;Keripik Untir-Untir;173
2024-07;Kerupuk Seblak;471
2024-07;Stick Keju;386
2024-07;Keripik Singkong Pedas;97
2024-08;Kerupuk Udang Melati;441
2024-08;Keripik Pisang;236
2024-08;Kerupuk Udang Mawar;154
2024-08;Makaroni;269
2024-08;Keripik Singkong Asin;253
2024-08;Ring;480
2024-08;Sanjai Balado;344
2024-08;Kerupuk Ikan;106
2024-08;Kerupuk Jengkol;51
2024-08;Keripik Untir-Untir;460
2024-08;Kerupuk Seblak;151
2024-08;Stick Keju;290
2024-08;Keripik Singkong Pedas;156
2024-09;Kerupuk Udang Melati;70
2024-09;Keripik Pisang;119
2024-09;Kerupuk Udang Mawar;133
2024-09;Makaroni;341
2024-09;Keripik Singkong Asin;426
2024-09;Ring;464
2024-09;Sanjai Balado;71
2024-09;Kerupuk Ikan;439
2024-09;Kerupuk Jengkol;367
2024-09;Keripik Untir-Untir;424
2024-09;Kerupuk Seblak;155
2024-09;Stick Keju;187
2024-09;Keripik Singkong Pedas;244
2024-10;Kerupuk Udang Melati;147
2024-10;Keripik Pisang;165
2024-10;Kerupuk Udang Mawar;181
2024-10;Makaroni;494
2024-10;Keripik Singkong Asin;316
2024-10;Ring;276
2024-10;Sanjai Balado;188
2024-10;Kerupuk Ikan;271
2024-10;Kerupuk Jengkol;454
2024-10;Keripik Untir-Untir;111
2024-10;Kerupuk Seblak;69
2024-10;Stick Keju;92
2024-10;Keripik Singkong Pedas;418
2024-11;Kerupuk Udang Melati;269
2024-11;Keripik Pisang;348
2024-11;Kerupuk Udang Mawar;185
2024-11;Makaroni;270
2024-11;Keripik Singkong Asin;273
2024-11;Ring;349
2024-11;Sanjai Balado;150
2024-11;Kerupuk Ikan;412
2024-11;Kerupuk Jengkol;306
2024-11;Keripik Untir-Untir;369
2024-11;Kerupuk Seblak;330
2024-11;Stick Keju;178
2024-11;Keripik Singkong Pedas;493
2024-12;Kerupuk Udang Melati;383
2024-12;Keripik Pisang;190
2024-12;Kerupuk Udang Mawar;402
2024-12;Makaroni;477
2024-12;Keripik Singkong Asin;460
2024-12;Ring;147
2024-12;Sanjai Balado;493
2024-12;Kerupuk Ikan;120
2024-12;Kerupuk Jengkol;361
2024-12;Keripik Untir-Untir;179
2024-12;Kerupuk Seblak;264
2024-12;Stick Keju;333
2024-12;Keripik Singkong Pedas;359
2025-01;Kerupuk Udang Melati;208
2025-01;Keripik Pisang;77
2025-01;Kerupuk Udang Mawar;263
2025-01;Makaroni;456
2025-01;Keripik Singkong Asin;341
2025-01;Ring;435
2025-01;Sanjai Balado;459
2025-01;Kerupuk Ikan;298
2025-01;Kerupuk Jengkol;192
2025-01;Keripik Untir-Untir;216
2025-01;Kerupuk Seblak;115
2025-01;Stick Keju;297
2025-01;Keripik Singkong Pedas;139
2025-02;Kerupuk Udang Melati;391
2025-02;Keripik Pisang;399
2025-02;Kerupuk Udang Mawar;58
2025-02;Makaroni;224
2025-02;Keripik Singkong Asin;73
2025-02;Ring;397
2025-02;Sanjai Balado;400
2025-02;Kerupuk Ikan;95
2025-02;Kerupuk Jengkol;372
2025-02;Keripik Untir-Untir;88
2025-02;Kerupuk Seblak;139
2025-02;Stick Keju;406
2025-02;Keripik Singkong Pedas;371
2025-03;Kerupuk Udang Melati;360
2025-03;Keripik Pisang;356
2025-03;Kerupuk Udang Mawar;485
2025-03;Makaroni;117
2025-03;Keripik Singkong Asin;205
2025-03;Ring;74
2025-03;Sanjai Balado;183
2025-03;Kerupuk Ikan;461
2025-03;Kerupuk Jengkol;125
2025-03;Keripik Untir-Untir;467
2025-03;Kerupuk Seblak;475
2025-03;Stick Keju;261
2025-03;Keripik Singkong Pedas;206
2025-04;Kerupuk Udang Melati;492
2025-04;Keripik Pisang;270
2025-04;Kerupuk Udang Mawar;305
2025-04;Makaroni;493
2025-04;Keripik Singkong Asin;286
2025-04;Ring;341
2025-04;Sanjai Balado;123
2025-04;Kerupuk Ikan;469
2025-04;Kerupuk Jengkol;85
2025-04;Keripik Untir-Untir;203
2025-04;Kerupuk Seblak;264
2025-04;Stick Keju;215
2025-04;Keripik Singkong Pedas;268
2025-05;Kerupuk Udang Melati;164
2025-05;Keripik Pisang;211
2025-05;Kerupuk Udang Mawar;465
2025-05;Makaroni;157
2025-05;Keripik Singkong Asin;392
2025-05;Ring;429
2025-05;Sanjai Balado;127
2025-05;Kerupuk Ikan;110
2025-05;Kerupuk Jengkol;449
2025-05;Keripik Untir-Untir;194
2025-05;Kerupuk Seblak;321
2025-05;Stick Keju;492
2025-05;Keripik Singkong Pedas;395
2025-06;Kerupuk Udang Melati;379
2025-06;Keripik Pisang;278
2025-06;Kerupuk Udang Mawar;362
2025-06;Makaroni;303
2025-06;Keripik Singkong Asin;148
2025-06;Ring;346
2025-06;Sanjai Balado;405
2025-06;Kerupuk Ikan;421
2025-06;Kerupuk Jengkol;141
2025-06;Keripik Untir-Untir;305
2025-06;Kerupuk Seblak;215
2025-06;Stick Keju;485
2025-06;Keripik Singkong Pedas;432
2025-07;Kerupuk Udang Melati;406
2025-07;Keripik Pisang;345
2025-07;Kerupuk Udang Mawar;221
2025-07;Makaroni;459
2025-07;Keripik Singkong Asin;390
2025-07;Ring;411
2025-07;Sanjai Balado;389
2025-07;Kerupuk Ikan;139
2025-07;Kerupuk Jengkol;270
2025-07;Keripik Untir-Untir;277
2025-07;Kerupuk Seblak;489
2025-07;Stick Keju;355
2025-07;Keripik Singkong Pedas;113
2025-08;Kerupuk Udang Melati;457
2025-08;Keripik Pisang;359
2025-08;Kerupuk Udang Mawar;358
2025-08;Makaroni;127
2025-08;Keripik Singkong Asin;445
2025-08;Ring;223
2025-08;Sanjai Balado;293
2025-08;Kerupuk Ikan;76
2025-08;Kerupuk Jengkol;286
2025-08;Keripik Untir-Untir;105
2025-08;Kerupuk Seblak;169
2025-08;Stick Keju;236
2025-08;Keripik Singkong Pedas;282
2025-09;Kerupuk Udang Melati;169
2025-09;Keripik Pisang;388
2025-09;Kerupuk Udang Mawar;491
2025-09;Makaroni;272
2025-09;Keripik Singkong Asin;104
2025-09;Ring;406
2025-09;Sanjai Balado;415
2025-09;Kerupuk Ikan;153
2025-09;Kerupuk Jengkol;335
2025-09;Keripik Untir-Untir;355
2025-09;Kerupuk Seblak;96
2025-09;Stick Keju;407
2025-09;Keripik Singkong Pedas;399
2025-10;Kerupuk Udang Melati;312
2025-10;Keripik Pisang;89
2025-10;Kerupuk Udang Mawar;288
2025-10;Makaroni;327
2025-10;Keripik Singkong Asin;220
2025-10;Ring;311
2025-10;Sanjai Balado;213
2025-10;Kerupuk Ikan;290
2025-10;Kerupuk Jengkol;276
2025-10;Keripik Untir-Untir;340
2025-10;Kerupuk Seblak;316
2025-10;Stick Keju;436
2025-10;Keripik Singkong Pedas;443
2025-11;Kerupuk Udang Melati;153
2025-11;Keripik Pisang;302
2025-11;Kerupuk Udang Mawar;374
2025-11;Makaroni;135
2025-11;Keripik Singkong Asin;232
2025-11;Ring;431
2025-11;Sanjai Balado;104
2025-11;Kerupuk Ikan;498
2025-11;Kerupuk Jengkol;453
2025-11;Keripik Untir-Untir;401
2025-11;Kerupuk Seblak;198
2025-11;Stick Keju;359
2025-11;Keripik Singkong Pedas;488
2025-12;Kerupuk Udang Melati;357
2025-12;Keripik Pisang;458
2025-12;Kerupuk Udang Mawar;313
2025-12;Makaroni;438
2025-12;Keripik Singkong Asin;384
2025-12;Ring;456
2025-12;Sanjai Balado;123
2025-12;Kerupuk Ikan;478
2025-12;Kerupuk Jengkol;111
2025-12;Keripik Untir-Untir;284
2025-12;Kerupuk Seblak;226
2025-12;Stick Keju;133
2025-12;Keripik Singkong Pedas;104
